{ "_id" : { "$oid" : "5c07b505a7f7ae9a16361fb3" }, "uid" : "8BBBF395", "date" : "2018-12-05", "subject" : "PBE", "name" : "Critical Design Report" }
{ "_id" : { "$oid" : "5c07b505a7f7ae9a16361fb4" }, "uid" : "8BBBF395", "date" : "2018-12-13", "subject" : "PBE", "name" : "Final Report" }
{ "_id" : { "$oid" : "5c07b505a7f7ae9a16361fb5" }, "uid" : "4B82F395", "date" : "2018-12-05", "subject" : "PBE", "name" : "Critical Design Report" }
{ "_id" : { "$oid" : "5c07b505a7f7ae9a16361fb6" }, "uid" : "4B82F395", "date" : "2018-12-13", "subject" : "PBE", "name" : "Final Report" }

