{"subject": "DSBM", "mark": "AWxwdw==", "name": "parcial 16/11/18", "_id": {"$oid": "5bfead6e67954480fb03e439"}, "uid": "17fcd120f3ed696c0f6f58bd36ed955ce777fab38c4fd681d4edad363c439234"}
{"subject": "DSBM", "mark": "DA==", "name": "parcial 16/11/18", "_id": {"$oid": "5bfead6e67954480fb03e43a"}, "uid": "750526d8d51c3669b9ff7ee20f063009427c5488c408789981a87734489809ff"}
{"subject": "RP", "mark": "AA==", "name": "parcial 25/11/18", "_id": {"$oid": "5bfead6e67954480fb03e43b"}, "uid": "17fcd120f3ed696c0f6f58bd36ed955ce777fab38c4fd681d4edad363c439234"}
{"subject": "RP", "mark": "AmwKBw==", "name": "parcial 25/11/18", "_id": {"$oid": "5bfead6e67954480fb03e43c"}, "uid": "750526d8d51c3669b9ff7ee20f063009427c5488c408789981a87734489809ff"}
